{
  "__comment": "Instructions: https://mods.blakebr0.com/docs/cucumber/tags-config",
  "forge:ingots/constantan": "thermal:constantan_ingot",
  "forge:ingots/tungsten": "null",
  "forge:ingots/tin": "forestry:ingot_tin",
  "forge:gems/sapphire": "iceandfire:sapphire_gem",
  "forge:ingots/bronze": "forestry:ingot_bronze",
  "forge:ingots/copper": "iceandfire:copper_ingot",
  "forge:ingots/lumium": "thermal:lumium_ingot",
  "forge:ingots/electrum": "thermal:electrum_ingot",
  "forge:silicon": "null",
  "forge:gems/apatite": "silentgems:apatite",
  "forge:ingots/silver": "darkerdepths:silver_ingot",
  "forge:dusts/saltpeter": "null",
  "forge:ingots/steel": "mekanism:ingot_steel",
  "forge:ingots/platinum": "null",
  "forge:ingots/lead": "thermal:lead_ingot",
  "forge:ingots/graphite": "null",
  "forge:ingots/uranium": "mekanism:ingot_uranium",
  "forge:ingots/aluminum": "null",
  "forge:ingots/mithril": "null",
  "forge:ingots/iridium": "null",
  "forge:ingots/zinc": "null",
  "forge:ingots/signalum": "thermal:signalum_ingot",
  "forge:ingots/invar": "thermal:invar_ingot",
  "forge:gems/ruby": "silentgems:ruby",
  "forge:dusts/niter": "thermal:niter_dust",
  "forge:ingots/chrome": "null",
  "forge:ingots/brass": "null",
  "forge:ingots/enderium": "thermal:enderium_ingot",
  "forge:ingots/titanium": "null",
  "forge:rubber": "null",
  "forge:dusts/sulfur": "thermal:sulfur_dust",
  "forge:ingots/nickel": "thermal:nickel_ingot"
}